<?xml version="1.0" encoding="UTF-8"?><XMLSqlManager>
<sql id="33" tipo="0">
<name>GetActivityObjects</name>
<grupo>RACT</grupo>
<sqlstatement>SELECT &#13;
   OBJECT.ACUM , ACUM.NOMBRE FROM &#13;
    GASI RES&#13;
  INNER JOIN &#13;
    GASI ACTIVITY&#13;
  ON&#13;
    ACTIVITY.CLAS = 'A' AND ACTIVITY.GDEF = RES.GDEF &#13;
  INNER JOIN &#13;
    GASI OBJECT&#13;
  ON &#13;
    OBJECT.GDEF = ACTIVITY.GDEF AND OBJECT.CLAS = 'O'&#13;
  INNER JOIN &#13;
    ACUM &#13;
  ON &#13;
    ACUM.CODIGO = OBJECT.ACUM&#13;
  &#13;
  WHERE &#13;
    RES.ACUM = '[Resource]' AND RES.CLAS = 'R' AND &#13;
    ACTIVITY.ACUM = '[Activity]' [Condition]</sqlstatement>
<descripcion>Get the Objects from a given activity</descripcion>
</sql>
<sql id="32" tipo="0">
<name>GetDetail</name>
<grupo>RACT</grupo>
<sqlstatement>SELECT &#13;
     RES.ACUM ACUR,&#13;
     0 AS NUME , &#13;
     '' AS FECH,&#13;
     ACTIVITY.ACUM ACUA,&#13;
     ACTIVIDADES.NOMBRE ACTIVIDAD,&#13;
     0 CANA,&#13;
     OBJECT.ACUM ACU0,&#13;
     OBJETOS.NOMBRE OBJETO,&#13;
     0 CANO,&#13;
     DETAIL.ACUM ACU4,&#13;
     DETALLE.NOMBRE DETALLE,&#13;
     '' COME,&#13;
     '' STAM,&#13;
     'F' FIXED,&#13;
     'U' TYPE,&#13;
&#13;
   CASE WHEN GDEF.FEDIT1  IS NULL OR GDEF.FEDIT1 ='' THEN 'F'  ELSE GDEF.FEDIT1 END AS FEDIT1 ,&#13;
  CASE WHEN GDEF.FEDIT2 IS NULL OR GDEF.FEDIT2 ='' THEN 'F'  ELSE GDEF.FEDIT2 END AS FEDIT2 ,&#13;
   CASE WHEN GDEF.FEDIT3  IS NULL OR GDEF.FEDIT3 ='' THEN 'F'  ELSE GDEF.FEDIT3 END AS FEDIT3 ,&#13;
  CASE WHEN GDEF.FEDIT4 IS NULL OR GDEF.FEDIT4 ='' THEN 'F'  ELSE GDEF.FEDIT4 END AS FEDIT4 ,&#13;
  CASE WHEN GDEF.FEDIT5 IS NULL OR GDEF.FEDIT5 ='' THEN 'F'  ELSE GDEF.FEDIT5 END AS FEDIT5 ,&#13;
  CASE WHEN GDEF.FBILL IS NULL OR GDEF.FBILL ='' THEN 'F'  ELSE GDEF.FBILL END AS FBILL ,&#13;
&#13;
 	0 REGISTROS&#13;
   FROM&#13;
     GASI RES&#13;
   INNER JOIN&#13;
     GASI ACTIVITY&#13;
   ON &#13;
     RES.GDEF = ACTIVITY.GDEF AND&#13;
     ACTIVITY.CLAS = 'A'&#13;
   INNER JOIN &#13;
     ACUM ACTIVIDADES&#13;
   ON&#13;
     ACTIVIDADES.CODIGO = ACTIVITY.ACUM &#13;
   INNER JOIN&#13;
     GASI OBJECT&#13;
   ON&#13;
    OBJECT.GDEF = ACTIVITY.GDEF AND&#13;
    OBJECT.CLAS = 'O'&#13;
   INNER JOIN &#13;
     ACUM OBJETOS&#13;
   ON&#13;
     OBJETOS.CODIGO = OBJECT.ACUM &#13;
   INNER JOIN &#13;
   GASI DETAIL&#13;
   ON DETAIL.GDEF = ACTIVITY.GDEF AND &#13;
      DETAIL.CLAS = 'D' &#13;
INNER JOIN GDEF&#13;
 ON &#13;
  DETAIL.GDEF = GDEF.CODE &#13;
   INNER JOIN &#13;
 	ACUM DETALLE&#13;
   ON DETALLE.CODIGO = DETAIL.ACUM&#13;
   &#13;
   WHERE&#13;
     RES.ACUM ='[Resource]' AND&#13;
     RES.CLAS ='R' AND&#13;
     ACTIVITY.ACUM='[ActivityCode]'&#13;
     AND  OBJECT.ACUM = '[ObjectCode]'&#13;
 	AND DETAIL.ACUM='[DetailCode]'</sqlstatement>
<descripcion>Get Detail ( third Level)</descripcion>
</sql>
<sql id="31" tipo="0">
<name>AmountMonthlyHours</name>
<grupo>RACT</grupo>
<sqlstatement>SELECT FECH, CANA percentage, GLIS.CNAME&#13;
FROM RACT INNER JOIN ACUM ON RACT.ACUA = ACUM.CODIGO INNER JOIN GLIS ON ACUM.DATM = GLIS.GCODE&#13;
WHERE ACUR='[usuario]' AND FECH &gt;= '[fechinicial]' AND FECH &lt;= '[fechfinal]'&#13;
ORDER BY FECH, GLIS.CNAME</sqlstatement>
<descripcion>Porcentaje de tiempo trabajado por mes, quarter, semester o year</descripcion>
</sql>
<sql id="30" tipo="0">
<name>GetRactParameters</name>
<grupo>RACT</grupo>
<sqlstatement>SELECT CODI , VALO FROM PARA
WHERE GRUP = 'RACT'</sqlstatement>
<descripcion>Parametros RACT</descripcion>
</sql>
<sql id="29" tipo="0">
<name>GetResources</name>
<grupo>RACT</grupo>
<sqlstatement>SELECT &#13;
     Distinct CASE WHEN SREC.ACUM IS NULL THEN ACTIVITY.ACUM ELSE SREC.USUA END AS ACUM  , ACUM.NOMBRE,ACUM.TIPO,CASE WHEN ACUM.UNIDAD IS NULL THEN 'UNDS' ELSE ACUM.UNIDAD END UNIDAD&#13;
    FROM &#13;
      GASI RES&#13;
    INNER JOIN &#13;
      GASI ACTIVITY&#13;
    ON&#13;
      ACTIVITY.CLAS = 'R' AND ACTIVITY.GDEF = RES.GDEF &#13;
    INNER JOIN &#13;
      ACUM &#13;
    ON &#13;
      ACUM.CODIGO = ACTIVITY.ACUM&#13;
  LEFT OUTER  JOIN SREC &#13;
   ON &#13;
   ACUM.CODIGO = SREC.ACUM&#13;
    WHERE   RES.CLAS = 'R'  [Condition]</sqlstatement>
<descripcion>Listar Recursos</descripcion>
</sql>
<sql id="27" tipo="0">
<name>WeekDetail</name>
<grupo>RACT</grupo>
<sqlstatement>SELECT DISTINCT&#13;
  RACT.ACUR, RACT.NUME,&#13;
  RACT.FECH, RACT.ACUA,&#13;
  ACTIVIDADES.NOMBRE,   RACT.CANA ,&#13;
   RACT.ACUO,  OBJETOS.NOMBRE,&#13;
   RACT.ACU4 AS ACU4, DETAIL.NOMBRE AS DETAIL,&#13;
   RACT.CANO,  CASE WHEN RACT.COME IS NULL THEN ' ' ELSE RACT.COME END AS COME, ' ' AS STAM,&#13;
   'F' AS FIXED ,&#13;
    CASE WHEN RACT.ACUA = RACT.ACUO THEN 'S' WHEN RACT.ACUO=RACT.ACU4 THEN 'D' ELSE 'U' END  AS TYPE ,&#13;
&#13;
RACT.CUST1, CASE WHEN GDEF.FEDIT1  IS NULL OR GDEF.FEDIT1 ='' THEN 'F'  ELSE GDEF.FEDIT1 END AS FEDIT1 ,&#13;
RACT.CUST2, CASE WHEN GDEF.FEDIT2 IS NULL OR GDEF.FEDIT2 ='' THEN 'F'  ELSE GDEF.FEDIT2 END AS FEDIT2 ,&#13;
RACT.CUST3, CASE WHEN GDEF.FEDIT3  IS NULL OR GDEF.FEDIT3 ='' THEN 'F'  ELSE GDEF.FEDIT3 END AS FEDIT3 ,&#13;
RACT.CUST4,CASE WHEN GDEF.FEDIT4 IS NULL OR GDEF.FEDIT4 ='' THEN 'F'  ELSE GDEF.FEDIT4 END AS FEDIT4 ,&#13;
RACT.CUST5, CASE WHEN GDEF.FEDIT5 IS NULL OR GDEF.FEDIT5 ='' THEN 'F'  ELSE GDEF.FEDIT5 END AS FEDIT5 ,&#13;
RACT.FBILL,&#13;
   0 AS REGISTROS&#13;
 FROM&#13;
    RACT&#13;
  INNER JOIN&#13;
    ACUM ACTIVIDADES&#13;
  ON&#13;
    ACTIVIDADES.CODIGO = RACT.ACUA&#13;
&#13;
  INNER JOIN GASI  GASIACT&#13;
    ON  GASIACT.CLAS = 'A' AND&#13;
        GASIACT.ACUM = ACTIVIDADES.CODIGO&#13;
&#13;
  INNER JOIN&#13;
    ACUM OBJETOS&#13;
  ON&#13;
    OBJETOS.CODIGO = RACT.ACUO&#13;
&#13;
  INNER JOIN GASI GASIOBJ&#13;
    ON  CASE WHEN RACT.ACUA = RACT.ACUO THEN 'A' ELSE 'O' END = GASIOBJ.CLAS&#13;
    AND  GASIOBJ.ACUM = OBJETOS.CODIGO&#13;
    AND GASIOBJ.GDEF = GASIACT.GDEF&#13;
&#13;
INNER JOIN&#13;
   ACUM DETAIL&#13;
  ON&#13;
     DETAIL.CODIGO = RACT.ACU4&#13;
&#13;
INNER JOIN GASI GASIDET&#13;
ON CASE WHEN RACT.ACUA = RACT.ACUO  THEN 'A'&#13;
        WHEN RACT.ACUO=RACT.ACU4 THEN 'O'&#13;
        ELSE 'D' END  = GASIDET.CLAS AND&#13;
&#13;
   CASE WHEN RACT.ACUA = RACT.ACUO  THEN ACTIVIDADES.CODIGO&#13;
        WHEN RACT.ACUO = RACT.ACU4 THEN OBJETOS.CODIGO&#13;
        ELSE DETAIL.CODIGO END  = GASIDET.ACUM&#13;
   AND GASIDET.GDEF = GASIOBJ.GDEF&#13;
&#13;
INNER JOIN ACUM RES&#13;
  ON RES.CODIGO=RACT.ACUR_ACUM&#13;
&#13;
INNER JOIN GASI GASIRES&#13;
      ON GASIRES.CLAS = 'R' AND&#13;
       GASIRES.ACUM = RES.CODIGO  AND&#13;
       GASIRES.GDEF = GASIACT.GDEF&#13;
&#13;
&#13;
INNER JOIN GDEF ON&#13;
   GASIRES.GDEF = GDEF.CODE&#13;
&#13;
 WHERE &#13;
   RACT.ACUR = '[Resource]'  AND&#13;
   RACT.FECH &gt;= '[WeekStartDate]' AND&#13;
   RACT.FECH &lt;= '[WeekEndDate]'</sqlstatement>
<descripcion>Actividades realizadas en una semana</descripcion>
</sql>
<sql id="26" tipo="0">
<name>WeekUnFixActivities</name>
<grupo>RACT</grupo>
<sqlstatement>
SELECT
    RACT.ACUR, RACT.NUME , 
    RACT.ACUA , ACTIVIDADES.NOMBRE AS ACTIVIDAD, 
    RACT.ACUO,    OBJETOS.NOMBRE AS OBJETO,
    RACT.ACU4,    DETAIL.NOMBRE DETAIL,
    'F' AS FIXED ,
    CASE WHEN RACT.ACUA = RACT.ACUO THEN 'S' WHEN RACT.ACUO=RACT.ACU4 THEN 'D' ELSE 'U' END  AS TYPE ,
RACT.CUST1, CASE WHEN GDEF.FEDIT1  IS NULL OR GDEF.FEDIT1 ='' THEN 'F'  ELSE GDEF.FEDIT1 END AS FEDIT1 ,
RACT.CUST2, CASE WHEN GDEF.FEDIT2 IS NULL OR GDEF.FEDIT2 ='' THEN 'F'  ELSE GDEF.FEDIT2 END AS FEDIT2 ,
RACT.CUST3, CASE WHEN GDEF.FEDIT3  IS NULL OR GDEF.FEDIT3 ='' THEN 'F'  ELSE GDEF.FEDIT3 END AS FEDIT3 ,
RACT.CUST4,CASE WHEN GDEF.FEDIT4 IS NULL OR GDEF.FEDIT4 ='' THEN 'F'  ELSE GDEF.FEDIT4 END AS FEDIT4 ,
RACT.CUST5, CASE WHEN GDEF.FEDIT5 IS NULL OR GDEF.FEDIT5 ='' THEN 'F'  ELSE GDEF.FEDIT5 END AS FEDIT5 ,
RACT.FBILL,0 AS REGISTROS
 FROM
    RACT
  INNER JOIN
    ACUM ACTIVIDADES
  ON
    ACTIVIDADES.CODIGO = RACT.ACUA
  INNER JOIN GASI GASIACT
  ON  GASIACT.CLAS = 'A' AND
  GASIACT.ACUM = ACTIVIDADES.CODIGO
  INNER JOIN
    ACUM OBJETOS
  ON
    OBJETOS.CODIGO = RACT.ACUO
  INNER JOIN
    ACUM DETAIL
  ON DETAIL.CODIGO = RACT.ACU4
INNER JOIN GASI
  ON CASE WHEN RACT.ACUA = RACT.ACUO  THEN 'A' WHEN RACT.ACUO=RACT.ACU4 THEN 'O'  ELSE 'D' END  = GASI.CLAS
  AND CASE WHEN RACT.ACUA = RACT.ACUO  THEN RACT.ACUA WHEN RACT.ACUO=RACT.ACU4 THEN RACT.ACUO  ELSE RACT.ACU4 END  = GASI.ACUM
  AND GASI.GDEF = GASIACT.GDEF
  INNER JOIN GDEF
   ON GDEF.CODE = GASI.GDEF
  INNER JOIN GASI RES
     ON RACT.ACUR_ACUM = RES.ACUM AND RES.CLAS = 'R'  AND GASI.GDEF = RES.GDEF
  WHERE
    RACT.ACUR  = '[Resource]' AND 
    RACT.FECH &gt;= '[WeekStartDate]' AND
    RACT.FECH &lt;= '[WeekEndDate]' 
    AND CONCAT(RACT.ACUA, RACT.ACUO, RACT.ACU4) NOT IN  
    (SELECT CONCAT(AFIX.ACTI, AFIX.OBJE, AFIX.OBJA) FROM AFIX 
     WHERE AFIX.USUA = '[Resource]' )
  ORDER BY RACT.NUME
</sqlstatement>
<descripcion>Selecciona las actividades no Fijas de la semana</descripcion>
</sql>
<sql id="25" tipo="0">
<name>WeekFixedActivities</name>
<grupo>RACT</grupo>
<sqlstatement>
SELECT
AFIX.USUA AS ACUR, 
AFIX.NUME,  
AFIX.ACTI AS ACUA, 
ACTIVIDADES.NOMBRE AS ACTIVIDAD, 
AFIX.OBJE  AS ACUO , 
OBJETOS.NOMBRE AS OBJETO, 
AFIX.OBJA AS ACU4, 
DETAIL.NOMBRE AS DETAIL, 
'T' AS FIXED,
CASE 
	WHEN AFIX.ACTI=AFIX.OBJE THEN 'S' WHEN AFIX.OBJE = AFIX.OBJA THEN 'D'  ELSE 'U' END  AS TYPE , 
RACT.CUST1, 
CASE 
	WHEN GDEF.FEDIT1  IS NULL OR GDEF.FEDIT1 ='' THEN 'F'  ELSE GDEF.FEDIT1 END AS FEDIT1 , 
RACT.CUST2, 
CASE 
	WHEN GDEF.FEDIT2 IS NULL OR GDEF.FEDIT2 ='' THEN 'F'  ELSE GDEF.FEDIT2 END AS FEDIT2 ,
RACT.CUST3, 
CASE 
	WHEN GDEF.FEDIT3  IS NULL OR GDEF.FEDIT3 ='' THEN 'F'  ELSE GDEF.FEDIT3 END AS FEDIT3 ,
RACT.CUST4,
CASE 
	WHEN GDEF.FEDIT4 IS NULL OR GDEF.FEDIT4 ='' THEN 'F'  ELSE GDEF.FEDIT4 END AS FEDIT4 ,
RACT.CUST5, 
CASE 
	WHEN GDEF.FEDIT5 IS NULL OR GDEF.FEDIT5 ='' THEN 'F'  ELSE GDEF.FEDIT5 END AS FEDIT5 ,
RACT.FBILL,
0 AS REGISTROS
  FROM     AFIX
  INNER JOIN ACUM ACTIVIDADES
  ON ACTIVIDADES.CODIGO = AFIX.ACTI
  INNER JOIN GASI  GASIACT
  ON  GASIACT.CLAS = 'A' AND
  GASIACT.ACUM = ACTIVIDADES.CODIGO
  INNER JOIN ACUM OBJETOS
  ON OBJETOS.CODIGO = AFIX.OBJE
  INNER JOIN  ACUM DETAIL
  ON DETAIL.CODIGO = AFIX.OBJA
  INNER JOIN GASI
  ON CASE WHEN AFIX.ACTI=AFIX.OBJE THEN 'A' WHEN AFIX.OBJE = AFIX.OBJA THEN 'O'  ELSE 'D' END  = GASI.CLAS 
  AND CASE WHEN AFIX.ACTI=AFIX.OBJE THEN AFIX.ACTI WHEN AFIX.OBJE = AFIX.OBJA THEN AFIX.OBJE  ELSE AFIX.OBJA END  = GASI.ACUM
  AND GASI.GDEF = GASIACT.GDEF
  INNER JOIN GDEF
   ON GDEF.CODE = GASI.GDEF
  INNER JOIN SREC
    ON (CONCAT(SREC.ACUM, '/', SREC.USUA)) = AFIX.USUA
  INNER JOIN GASI RES
     ON SREC.ACUM = RES.ACUM AND RES.CLAS = 'R'  AND GASI.GDEF = RES.GDEF
  LEFT OUTER JOIN     RACT
  ON AFIX.USUA = RACT.ACUR 
  AND AFIX.ACTI = RACT.ACUA 
  AND AFIX.OBJE = RACT.ACUO 
  AND  RACT.FECH = '[Date]'
  WHERE
    AFIX.USUA = '[Resource]'
 ORDER BY 1,2
</sqlstatement>
<descripcion>Solo Actividades Fijas de la semana</descripcion>
</sql>
<sql id="24" tipo="0">
<name>GetObject</name>
<grupo>RACT</grupo>
<sqlstatement>SELECT &#13;
    RES.ACUM ACUR,&#13;
    0 AS NUME , &#13;
    '' AS FECH,&#13;
    ACTIVITY.ACUM ACUA,&#13;
    ACTIVIDADES.NOMBRE ACTIVIDAD,&#13;
    0 CANA,&#13;
    OBJECT.ACUM ACU0,&#13;
    OBJETOS.NOMBRE OBJETO,&#13;
    0 CANO,&#13;
&#13;
    OBJECT.ACUM ACU4,&#13;
    OBJETOS.NOMBRE DETAIL,&#13;
    '' COME,&#13;
    '' STAM,&#13;
    'F' FIXED,&#13;
    'D' TYPE,&#13;
   CASE WHEN GDEF.FEDIT1  IS NULL OR GDEF.FEDIT1 ='' THEN 'F'  ELSE GDEF.FEDIT1 END AS FEDIT1 ,&#13;
  CASE WHEN GDEF.FEDIT2 IS NULL OR GDEF.FEDIT2 ='' THEN 'F'  ELSE GDEF.FEDIT2 END AS FEDIT2 ,&#13;
   CASE WHEN GDEF.FEDIT3  IS NULL OR GDEF.FEDIT3 ='' THEN 'F'  ELSE GDEF.FEDIT3 END AS FEDIT3 ,&#13;
  CASE WHEN GDEF.FEDIT4 IS NULL OR GDEF.FEDIT4 ='' THEN 'F'  ELSE GDEF.FEDIT4 END AS FEDIT4 ,&#13;
  CASE WHEN GDEF.FEDIT5 IS NULL OR GDEF.FEDIT5 ='' THEN 'F'  ELSE GDEF.FEDIT5 END AS FEDIT5 ,&#13;
  CASE WHEN GDEF.FBILL IS NULL OR GDEF.FBILL ='' THEN 'F'  ELSE GDEF.FBILL END AS FBILL ,&#13;
    SUM (CASE WHEN DETAIL.ACUM IS NULL THEN 0 ELSE 1 END) REGISTROS&#13;
  FROM&#13;
    GASI RES&#13;
  INNER JOIN&#13;
    GASI ACTIVITY&#13;
  ON &#13;
    RES.GDEF = ACTIVITY.GDEF AND&#13;
    ACTIVITY.CLAS = 'A'&#13;
  INNER JOIN &#13;
    ACUM ACTIVIDADES&#13;
  ON&#13;
    ACTIVIDADES.CODIGO = ACTIVITY.ACUM &#13;
  INNER JOIN&#13;
    GASI OBJECT&#13;
  ON&#13;
   OBJECT.GDEF = ACTIVITY.GDEF AND&#13;
   OBJECT.CLAS = 'O'&#13;
INNER JOIN GDEF&#13;
 ON &#13;
  OBJECT.GDEF = GDEF.CODE &#13;
  INNER JOIN &#13;
    ACUM OBJETOS&#13;
  ON&#13;
    OBJETOS.CODIGO = OBJECT.ACUM &#13;
  LEFT OUTER JOIN &#13;
  GASI DETAIL&#13;
  ON DETAIL.GDEF = ACTIVITY.GDEF AND &#13;
     DETAIL.CLAS = 'D' &#13;
  WHERE&#13;
    RES.ACUM ='[Resource]' AND&#13;
    RES.CLAS ='R' AND&#13;
    ACTIVITY.ACUM='[ActivityCode]'&#13;
    AND  OBJECT.ACUM = '[ObjectCode]'   &#13;
&#13;
 GROUP BY&#13;
   RES.ACUM,ACTIVITY.ACUM,ACTIVIDADES.NOMBRE,OBJECT.ACUM, OBJETOS.NOMBRE,GDEF.FEDIT1,GDEF.FEDIT2,GDEF.FEDIT3,GDEF.FEDIT4,GDEF.FEDIT5,GDEF.FBILL</sqlstatement>
<descripcion>Recupera un objeto de una Actividad</descripcion>
</sql>
<sql id="23" tipo="0">
<name>GetActivity</name>
<grupo>RACT</grupo>
<sqlstatement>SELECT &#13;
   RES.ACUM ACUR,&#13;
   0 NUME , &#13;
   '' FECH,&#13;
   ACTIVITY.ACUM ACUA,&#13;
   ACTIVIDADES.NOMBRE ACTIVIDAD,&#13;
   0 CANA,&#13;
  ACTIVITY.ACUM ACUO,&#13;
   ACTIVIDADES.NOMBRE OBJETO,&#13;
   0 CANO,&#13;
   ACTIVITY.ACUM ACU4,&#13;
   ACTIVIDADES.NOMBRE DETAIL,&#13;
   '' COME,&#13;
   '' STAM,&#13;
   'F' FIXED,&#13;
   'S' TYPE,&#13;
   CASE WHEN GDEF.FEDIT1  IS NULL OR GDEF.FEDIT1 ='' THEN 'F'  ELSE GDEF.FEDIT1 END AS FEDIT1 ,&#13;
  CASE WHEN GDEF.FEDIT2 IS NULL OR GDEF.FEDIT2 ='' THEN 'F'  ELSE GDEF.FEDIT2 END AS FEDIT2 ,&#13;
   CASE WHEN GDEF.FEDIT3  IS NULL OR GDEF.FEDIT3 ='' THEN 'F'  ELSE GDEF.FEDIT3 END AS FEDIT3 ,&#13;
  CASE WHEN GDEF.FEDIT4 IS NULL OR GDEF.FEDIT4 ='' THEN 'F'  ELSE GDEF.FEDIT4 END AS FEDIT4 ,&#13;
  CASE WHEN GDEF.FEDIT5 IS NULL OR GDEF.FEDIT5 ='' THEN 'F'  ELSE GDEF.FEDIT5 END AS FEDIT5 ,&#13;
  CASE WHEN GDEF.FBILL IS NULL OR GDEF.FBILL ='' THEN 'F'  ELSE GDEF.FBILL END AS FBILL ,&#13;
&#13;
   SUM(CASE WHEN OBJECT.ACUM IS NULL THEN 0 ELSE 1 END) REGISTROS&#13;
 FROM&#13;
   GASI RES&#13;
 INNER JOIN&#13;
   GASI ACTIVITY&#13;
 ON &#13;
   RES.GDEF = ACTIVITY.GDEF AND&#13;
   ACTIVITY.CLAS = 'A'&#13;
INNER JOIN GDEF&#13;
 ON &#13;
  ACTIVITY.GDEF = GDEF.CODE &#13;
 INNER JOIN &#13;
   ACUM ACTIVIDADES&#13;
 ON&#13;
   ACTIVIDADES.CODIGO = ACTIVITY.ACUM &#13;
 LEFT OUTER JOIN&#13;
   GASI OBJECT&#13;
 ON&#13;
  OBJECT.GDEF = ACTIVITY.GDEF AND&#13;
  OBJECT.CLAS = 'O'&#13;
 WHERE&#13;
&#13;
   RES.ACUM ='[Resource]' AND&#13;
   RES.CLAS ='R' AND&#13;
   ACTIVITY.ACUM='[Code]'&#13;
&#13;
 GROUP BY&#13;
   RES.ACUM,ACTIVITY.ACUM,ACTIVIDADES.NOMBRE,GDEF.FEDIT1,GDEF.FEDIT2,GDEF.FEDIT3,GDEF.FEDIT4,GDEF.FEDIT5,GDEF.FBILL</sqlstatement>
<descripcion>Recupera la informacion de una actividad</descripcion>
</sql>
<sql id="22" tipo="0">
<name>GetResActivities</name>
<grupo>RACT</grupo>
<sqlstatement>SELECT &#13;
   ACTIVITY.ACUM , ACUM.NOMBRE,ACUM.TIPO, CASE WHEN ACUM.UNIDAD IS NULL THEN 'UNDS' ELSE ACUM.UNIDAD END UNIDAD&#13;
  FROM &#13;
    GASI RES&#13;
  INNER JOIN &#13;
    GASI ACTIVITY&#13;
  ON&#13;
    ACTIVITY.CLAS = 'A' AND ACTIVITY.GDEF = RES.GDEF &#13;
  INNER JOIN &#13;
    ACUM &#13;
  ON &#13;
    ACUM.CODIGO = ACTIVITY.ACUM&#13;
  WHERE &#13;
    RES.ACUM = '[Resource]' AND RES.CLAS = 'R' [Condition]</sqlstatement>
<descripcion>Actividades de Un recurso</descripcion>
</sql>
<sql id="21" tipo="0">
<name>GetObjectDetail</name>
<grupo>RACT</grupo>
<sqlstatement>SELECT &#13;
   DETAIL.ACUM , ACUM.NOMBRE FROM &#13;
   GASI RES&#13;
 INNER JOIN &#13;
   GASI ACTIVITY&#13;
 ON&#13;
   ACTIVITY.CLAS = 'A' AND ACTIVITY.GDEF = RES.GDEF &#13;
 INNER JOIN &#13;
   GASI OBJECT&#13;
 ON &#13;
   OBJECT.GDEF = ACTIVITY.GDEF AND OBJECT.CLAS = 'O'&#13;
 INNER JOIN &#13;
   GASI DETAIL &#13;
 ON &#13;
	DETAIL.GDEF = OBJECT.GDEF AND DETAIL.CLAS ='D'&#13;
 INNER JOIN &#13;
   ACUM &#13;
 ON &#13;
   ACUM.CODIGO = DETAIL.ACUM&#13;
 &#13;
 WHERE &#13;
   RES.ACUM = '[Resource]' AND RES.CLAS = 'R' AND &#13;
   ACTIVITY.ACUM = '[Activity]' AND OBJECT.ACUM ='[Object]' [Condition]</sqlstatement>
<descripcion>Detail from and Object</descripcion>
</sql>
<sql id="18" tipo="0">
<name>GetFixedActivities</name>
<grupo>RACT</grupo>
<sqlstatement>SELECT &#13;
   AFIX.USUA ACUR ,AFIX.NUME,'[Date]' FECH, AFIX.ACTI ACUA ,&#13;
   ACTIVIDADES.NOMBRE ACTIVIDAD,&#13;
   CASE WHEN RACT.CANA IS NULL THEN 0 ELSE RACT.CANA END CANA ,&#13;
   AFIX.OBJE  ACUO , &#13;
   OBJETOS.NOMBRE OBJETO,&#13;
   CASE WHEN RACT.CANO IS NULL THEN 0 ELSE RACT.CANO END CANO,&#13;
   CASE WHEN RACT.COME IS NULL THEN '' ELSE RACT.COME END COME , &#13;
   '' STAM,&#13;
   'T' FIXED, CASE WHEN AFIX.ACTI = AFIX.OBJE THEN 'S' ELSE 'D' END TYPE , 0 REGISTROS&#13;
 FROM &#13;
   AFIX&#13;
 INNER JOIN &#13;
   ACUM ACTIVIDADES&#13;
 ON &#13;
   ACTIVIDADES.CODIGO = AFIX.ACTI&#13;
&#13;
 INNER JOIN &#13;
   ACUM OBJETOS&#13;
 ON &#13;
   OBJETOS.CODIGO = AFIX.OBJE&#13;
 LEFT OUTER JOIN&#13;
   RACT&#13;
 ON &#13;
   AFIX.USUA = RACT.ACUR AND&#13;
   AFIX.ACTI = RACT.ACUA AND&#13;
   AFIX.OBJE = RACT.ACUO AND&#13;
   RACT.FECH = '[Date]'&#13;
 WHERE&#13;
   AFIX.USUA = '[Resource]'&#13;
ORDER BY 1,2</sqlstatement>
<descripcion>trae por fecha actividades fijas con registro en la fecha dad y fijas sin registro en la fecha dada</descripcion>
</sql>
<sql id="17" tipo="0">
<name>DateActivities</name>
<grupo>RACT</grupo>
<sqlstatement>SELECT&#13;
  RACT.ACUR, RACT.NUME,RACT.FECH,&#13;
  RACT.ACUA, ACUM.NOMBRE ACTIVIDAD , RACT.CANA, &#13;
  RACT.ACUO, OBJE.NOMBRE OBJETO, RACT.CANO,&#13;
  RACT.COME,RACT.STAM,&#13;
  CASE WHEN AFIX.ACTI IS NULL THEN 'F' ELSE 'T' END FIXED,&#13;
  CASE WHEN RACT.ACUA = RACT.ACUO THEN 'S' ELSE 'D' END TYPE,&#13;
  0 REGISTROS&#13;
 FROM &#13;
   RACT&#13;
 INNER JOIN &#13;
   ACUM &#13;
 ON &#13;
   ACUM.CODIGO =  RACT.ACUA&#13;
 INNER JOIN&#13;
   ACUM OBJE&#13;
 ON&#13;
   OBJE.CODIGO = RACT.ACUO&#13;
 LEFT OUTER JOIN &#13;
   AFIX&#13;
 ON &#13;
  AFIX.ACTI = RACT.ACUA AND&#13;
  AFIX.OBJE = RACT.ACUO AND&#13;
  AFIX.USUA = RACT.ACUR&#13;
 WHERE&#13;
   RACT.ACUR = '[Resource]' AND&#13;
   RACT.FECH = '[Date]'&#13;
 &#13;
 UNION ALL&#13;
 &#13;
 SELECT&#13;
  RACT.ACUR, MIN(RACT.NUME)-1,'[Date]',&#13;
  RACT.ACUA, ACUM.NOMBRE ACTIVIDAD , SUM(RACT.CANA), &#13;
  '', '' , 0, '','[Date] 00:00:00', 'F','S',COUNT(*)&#13;
 FROM &#13;
   RACT&#13;
 INNER JOIN &#13;
   ACUM &#13;
 ON &#13;
   ACUM.CODIGO =  RACT.ACUA&#13;
 WHERE&#13;
   RACT.ACUR = '[Resource]' AND&#13;
   RACT.FECH = '[Date]' AND&#13;
   RACT.ACUO &lt;&gt; RACT.ACUA  &#13;
 GROUP BY&#13;
   RACT.ACUR,RACT.ACUA,ACUM.NOMBRE&#13;
 &#13;
 UNION ALL&#13;
 &#13;
 SELECT&#13;
   AFIX.USUA,AFIX.NUME,'[Date]',AFIX.ACTI,ACUM.NOMBRE,0,&#13;
   AFIX.OBJE,OBJE.NOMBRE,0,'','[Date] 00:00:00','T', &#13;
   CASE WHEN AFIX.OBJE = AFIX.ACTI THEN 'S'&#13;
        WHEN AFIX.OBJE IS NULL THEN 'S' ELSE 'D' END ,0&#13;
 FROM &#13;
   AFIX&#13;
 INNER JOIN&#13;
   ACUM &#13;
 ON &#13;
  AFIX.ACTI = ACUM.CODIGO&#13;
 INNER JOIN&#13;
   ACUM OBJE&#13;
 ON&#13;
   AFIX.OBJE = OBJE.CODIGO&#13;
 WHERE &#13;
   AFIX.USUA = '[Resource]'&#13;
   AND AFIX.ACTI +  AFIX.OBJE &#13;
       NOT IN ( &#13;
                 SELECT &#13;
                      RACT.ACUA +  RACT.ACUO&#13;
                 FROM &#13;
                      RACT&#13;
                 LEFT OUTER JOIN &#13;
                      AFIX&#13;
                 ON &#13;
                      AFIX.ACTI = RACT.ACUA AND&#13;
                      AFIX.USUA = RACT.ACUR&#13;
                 WHERE&#13;
                      RACT.ACUR = '[Resource]' AND&#13;
                       RACT.FECH = '[Date]' )&#13;
 &#13;
 UNION ALL&#13;
 &#13;
 SELECT&#13;
   AFIX.USUA,MIN(AFIX.NUME)-1,'[Date]',AFIX.ACTI,ACUM.NOMBRE,0,&#13;
   '','',0,'','[Date] 00:00:00','F', &#13;
   'S',COUNT(*) &#13;
 FROM &#13;
   AFIX&#13;
 INNER JOIN&#13;
   ACUM &#13;
 ON &#13;
  AFIX.ACTI = ACUM.CODIGO&#13;
 INNER JOIN&#13;
   ACUM OBJE&#13;
 ON&#13;
   AFIX.OBJE = OBJE.CODIGO&#13;
 WHERE &#13;
   AFIX.USUA = '[Resource]' AND&#13;
   AFIX.ACTI &lt;&gt; AFIX.OBJE  AND&#13;
   AFIX.ACTI +  AFIX.OBJE &#13;
       NOT IN ( &#13;
                 SELECT &#13;
                      RACT.ACUA +  RACT.ACUO&#13;
                 FROM &#13;
                      RACT&#13;
                 LEFT OUTER JOIN &#13;
                      AFIX&#13;
                 ON &#13;
                      AFIX.ACTI = RACT.ACUA AND&#13;
                      AFIX.USUA = RACT.ACUR&#13;
                 WHERE&#13;
                      RACT.ACUR = '[Resource]' AND&#13;
                       RACT.FECH = '[Date]' )&#13;
 GROUP BY&#13;
   AFIX.USUA,AFIX.ACTI,ACUM.NOMBRE&#13;
 &#13;
 UNION ALL&#13;
 &#13;
 SELECT&#13;
  RACT.ACUR, -2,'[Date]',&#13;
  '', 'ACTIVIDADES', SUM(RACT.CANA), &#13;
  '', '' , 0, '','[Date] 00:00:00','F','T',COUNT(*)&#13;
 &#13;
 FROM &#13;
   RACT&#13;
 WHERE&#13;
   RACT.ACUR = '[Resource]' AND&#13;
   RACT.FECH = '[Date]'&#13;
 GROUP BY&#13;
   RACT.ACUR&#13;
 &#13;
 ORDER BY 2</sqlstatement>
<descripcion>Actividades de un dia de un recurso dado</descripcion>
</sql>
<sql id="16" tipo="0">
<name>GetResource</name>
<grupo>RACT</grupo>
<sqlstatement>SELECT DISTINCT &#13;
	ACUM.CODIGO,ACUM.NOMBRE,SREC.ACUM, CASE WHEN SREC.USUA IS NULL THEN '[ResourceCode]' ELSE SREC.USUA END AS USUA ,&#13;
	&#13;
	CASE WHEN SREC.ACUM IS NULL THEN 'F' &#13;
		 ELSE 'T' &#13;
	END AS ESCARGO, &#13;
    CASE WHEN GLIS.FVIEW IS NULL THEN 'D' &#13;
		 ELSE GLIS.FVIEW &#13;
	END AS FVIEW &#13;
&#13;
FROM ACUM&#13;
INNER JOIN GLIS &#13;
	ON ACUM.TIPO = GLIS.TIPO AND GLIS.GCODE = ACUM.DATM&#13;
INNER JOIN TIPO &#13;
	ON GLIS.TIPO = TIPO.TIPO &#13;
INNER JOIN PARA&#13;
	ON PARA.GRUP = 'RACT' &#13;
	AND TIPO.TIPO = PARA.CODI &#13;
	AND PARA.VALO LIKE 'T,%'&#13;
LEFT OUTER JOIN SREC &#13;
	ON SREC.ACUM = ACUM.CODIGO&#13;
WHERE ACUM.CODIGO = '[ResourceCode]' OR SREC.USUA='[ResourceCode]'</sqlstatement>
<descripcion>Recuperar informacion de un Recurso de la Bases de datos</descripcion>
</sql>
<sql id="14" tipo="0">
<name>FixedActivities</name>
<grupo>RACT</grupo>
<sqlstatement>SELECT * FROM AFIX WHERE USUA='[usuario]'</sqlstatement>
<descripcion>Lista todas las actividades Fexed de un usuario</descripcion>
</sql>
<sql id="13" tipo="0">
<name>ActivitiesDate</name>
<grupo>RACT</grupo>
<sqlstatement>SELECT * FROM RACT WHERE FECH='[fecha]' AND ACUR='[usuario]'</sqlstatement>
<descripcion>Actividades registrada de un usaurio en una fecha</descripcion>
</sql>
<sql id="12" tipo="0">
<name>AmountWeeklyHours</name>
<grupo>RACT</grupo>
<sqlstatement>SELECT FECH, SUM(CANA) cantidadhoras  FROM RACT  WHERE    ACUR='[usuario]' AND FECH  &gt;= '[fechinicial]' AND FECH&lt;= '[fechfinal]'GROUP BY FECH, ACUR order by FECH</sqlstatement>
<descripcion>Cantidad de horas trabajadas durante una semana</descripcion>
</sql>
<sql id="11" tipo="3">
<name>InsertRact</name>
<grupo>RACT</grupo>
<sqlstatement>INSERT INTO RACT (ACUR , NUME, ACUR_ACUM, ACUR_USUA, FECH , ACUA, CANA,ACUO,CANO,ACU4,COME,STAM,CUST1,CUST2,CUST3,CUST4,CUST5,FBILL) VALUES( '[acur]', [nume], '[acuracum]','[acurusua]','[fech]','[acua]',[cana],'[acuo]',[cano],'[acu4]','[come]','[stam]',&#13;
'[cust1]','[cust2]','[cust3]','[cust4]','[cust5]','[fbill]')</sqlstatement>
<descripcion>Permite adicionar actividades</descripcion>
</sql>
<sql id="10" tipo="0">
<name>FindRact</name>
<grupo>RACT</grupo>
<sqlstatement>SELECT * FROM RACT WHERE FECH='[fecha]'</sqlstatement>
<descripcion>Permite Buscar todas las actividades de una fecha</descripcion>
</sql>
<sql id="9" tipo="1">
<name>DeleteAfix</name>
<grupo>RACT</grupo>
<sqlstatement>DELETE FROM AFIX WHERE USUA = '[usuario]'</sqlstatement>
<descripcion>Permite eliminar todas los registros de un usuario en la tabla AFIX</descripcion>
</sql>
<sql id="8" tipo="3">
<name>SaveAfix</name>
<grupo>RACT</grupo>
<sqlstatement>INSERT INTO AFIX VALUES('[usuario]',[nume],'[actividad]','[objeto]','[objetoauxiliar]')</sqlstatement>
<descripcion>Permite adicionar datos a la tabla AFIX</descripcion>
</sql>
<sql id="7" tipo="1">
<name>DeleteActivities</name>
<grupo>RACT</grupo>
<sqlstatement>DELETE FROM RACT WHERE FECH = '[fecha]' AND ACUR = '[usuario]'</sqlstatement>
<descripcion>Permite eliminar todas las actividades asociadas a una fecha</descripcion>
</sql></XMLSqlManager>
